street,zip_code,city,state,latitude,longitude,use_code,tax_assessment_year,tax_assessment,year_built,lot_size_sqft,finished_sqft,bathroom,bedrooms,last_sold_date,last_sold_price,region_id,region_type,region_name
14 S Woodside Ave,07621,Bergenfield,NJ,40.927623,-73.991965,SingleFamily,2015,282489.0,1950,N/A,1120,2.0,3,05/03/2017,425000,44137,city,Bergenfield
6 Sherwood Rd,07628,Dumont,NJ,40.947162,-73.99576,SingleFamily,2015,305902.0,1900,8350,1436,3.0,4,05/02/2017,505000,17827,city,Dumont
514 Roff Ave,07650,PALISADES PARK,NJ,40.85059,-73.990288,MultiFamily2To4,2015,438351.0,N/A,N/A,N/A,8.0,8,05/02/2017,755000,19819,city,Palisades Park
352 Edstan Way,07652,Paramus,NJ,40.939427,-74.043964,SingleFamily,2015,376574.0,1950,N/A,1408,N/A,N/A,05/02/2017,429000,46984,city,Paramus
11 Emily Ct,07627,Demarest,NJ,40.958667,-73.951128,SingleFamily,2015,1333215.0,1970,24598,3396,4.0,5,05/02/2017,1350000,44903,city,Demarest
95 Melville Rd,07642,Hillsdale,NJ,41.008734,-74.075814,SingleFamily,2015,679415.0,1964,15681,2568,4.0,5,05/02/2017,740000,5169,city,Hillsdale
323 Grant Ave,07628,Dumont,NJ,40.947391,-73.976473,SingleFamily,2015,309996.0,1940,5898,1392,2.0,3,05/01/2017,367000,17827,city,Dumont
160 Overlook Ave APT 12D,07601,Hackensack,NJ,40.888007,-74.054469,Condominium,2015,199394.0,1986,222,N/A,1.0,1,05/01/2017,200000,38835,city,Hackensack
1595 Anderson Ave,07024,Fort Lee,NJ,40.851947,-73.97631,SingleFamily,2016,409141.0,1947,6612,1434,N/A,N/A,05/01/2017,618000,11491,city,Fort Lee
92 Elmwood Ave,07423,Ho Ho Kus,NJ,40.999451,-74.106534,SingleFamily,2015,657561.0,1950,N/A,1814,2.0,3,05/01/2017,707000,25143,city,Ho Ho Kus
294 Continental Ave,07661,River Edge,NJ,40.935364,-74.041524,SingleFamily,2015,428898.0,1976,6299,2352,2.0,3,05/01/2017,445000,43381,city,River Edge
8 Fordham Rd,07436,Oakland,NJ,41.032361,-74.224416,SingleFamily,2015,399118.0,1955,11587,2097,N/A,N/A,05/01/2017,620000,19724,city,Oakland
628 Lincoln Blvd,07675,Westwood,NJ,40.979457,-74.040384,SingleFamily,2015,367045.0,1942,5998,1764,2.0,4,05/01/2017,499900,27912,city,Westwood
116 Leroy St,07670,Tenafly,NJ,40.911767,-73.954972,SingleFamily,2015,842359.0,1950,N/A,N/A,4.0,4,05/01/2017,850000,47961,city,Tenafly
742 Lancaster Rd,07657,Ridgefield,NJ,40.827681,-74.004814,SingleFamily,2015,386095.0,1954,5249,2157,3.0,3,05/01/2017,435000,22330,city,Ridgefield
445 Lasalle Ave,07604,Hasbrouck Heights,NJ,40.862856,-74.067858,SingleFamily,2015,302099.0,1958,4800,910,N/A,0,05/01/2017,323000,38911,city,Hasbrouck Heights
8 Meredith Rd,07627,Demarest,NJ,40.958175,-73.953167,SingleFamily,2015,805928.0,1950,17424,3800,4.0,4,04/29/2017,1225000,44903,city,Demarest
25 Hillside Ter,07645,Montvale,NJ,41.038052,-74.023964,SingleFamily,2015,399145.0,1954,12502,1525,1.5,3,04/28/2017,412000,25968,city,Montvale
736 Bogert Rd,07661,River Edge,NJ,40.934608,-74.034226,SingleFamily,2015,371583.0,1900,N/A,N/A,1.0,3,04/28/2017,390000,43381,city,River Edge
443 Banta Ave,07026,Garfield,NJ,40.889121,-74.105179,MultiFamily2To4,2015,384841.0,1900,4791,2860,4.0,8,04/28/2017,595000,42213,city,Garfield
45 Lasalle Ave,07604,Hasbrouck Heights,NJ,40.869811,-74.079693,SingleFamily,2015,331593.0,N/A,N/A,N/A,2.0,3,04/28/2017,390000,38911,city,Hasbrouck Heights
22 Eagle St,07031,North Arlington,NJ,40.790988,-74.132462,SingleFamily,2015,228100.0,2010,N/A,N/A,3.0,3,04/28/2017,415000,19654,city,North Arlington
370 Union Ave,07075,Wood Ridge,NJ,40.847057,-74.091007,SingleFamily,2015,335223.0,N/A,N/A,N/A,1.0,4,04/28/2017,344000,48563,city,Wood Ridge
555 Mill Run,07652,Paramus,NJ,40.963323,-74.094197,SingleFamily,2015,810465.0,1988,18949,3727,3.0,5,04/28/2017,688000,46984,city,Paramus
97 Large Ave,07642,Hillsdale,NJ,41.004971,-74.03571,SingleFamily,2015,418052.0,1919,15908,1400,2.0,3,04/02/2002,242500,5169,city,Hillsdale
55 Woods Ave,07621,Bergenfield,NJ,40.929232,-74.010026,MultiFamily2To4,2015,381126.0,N/A,6098,N/A,2.0,5,04/28/2017,410000,44137,city,Bergenfield
268 Manning Ave,07661,River Edge,NJ,40.929077,-74.043261,SingleFamily,2015,451894.0,1940,7375,2226,4.0,3,04/28/2017,575000,43381,city,River Edge
433 Chestnut Ave,07606,South Hackensack,NJ,40.863698,-74.043196,SingleFamily,2015,404320.0,1981,7501,2600,N/A,N/A,04/28/2017,400000,398243,city,South Hackensack Township
117 Stony Ridge Dr,07642,Hillsdale,NJ,41.00764,-74.06185,SingleFamily,2015,529399.0,1950,N/A,N/A,2.0,5,04/28/2017,515000,5169,city,Hillsdale
300 Winston Dr APT 1017,07010,Cliffside Park,NJ,40.827727,-73.980366,Condominium,2015,320890.0,1970,N/A,N/A,2.0,2,04/28/2017,395000,4131,city,Cliffside Park
236 Paterson Ave,07644,Lodi,NJ,40.869515,-74.0771,SingleFamily,2015,270025.0,N/A,N/A,N/A,1.0,3,04/28/2017,285000,53018,city,Lodi
250 Stover Ave,07031,North Arlington,NJ,40.794137,-74.137661,SingleFamily,2015,240100.0,N/A,N/A,N/A,4.0,3,04/28/2017,399000,19654,city,North Arlington
97 Valley Rd,07452,Glen Rock,NJ,40.963994,-74.129506,SingleFamily,2015,643535.0,1920,17698,2516,4.0,3,04/28/2017,740000,38710,city,Glen Rock
177 Harding Pl,07607,Maywood,NJ,40.913999,-74.063517,SingleFamily,2015,410543.0,1996,7000,2421,3.5,5,04/28/2017,485000,22369,city,Maywood
140 W Englewood Ave # 14,07666,Teaneck,NJ,40.900245,-74.00473,Condominium,2016,135789.0,1935,435,644,1.0,1,05/27/2016,90000,47956,city,Teaneck
221 Park Ave,07666,Teaneck,NJ,40.870571,-74.018217,SingleFamily,2015,410251.0,1940,5001,2448,4.0,4,04/28/2017,475000,47956,city,Teaneck
77 Hill St,07075,Wood Ridge,NJ,40.843692,-74.086181,SingleFamily,2015,292630.0,1904,4995,1409,2.0,4,04/28/2017,415000,48563,city,Wood Ridge
83 Holland Ave,07627,Demarest,NJ,40.942142,-73.948335,SingleFamily,2015,571395.0,1950,N/A,N/A,6.0,5,04/28/2017,1200000,44903,city,Demarest
59 Louville Ave,07656,Park Ridge,NJ,41.038876,-74.04567,SingleFamily,2015,358938.0,1900,10000,1484,1.0,3,04/28/2017,707500,53809,city,Park Ridge
19 Columbine Rd,07652,Paramus,NJ,40.953009,-74.075332,SingleFamily,2015,549718.0,1968,N/A,1919,4.0,4,04/28/2017,760000,46984,city,Paramus
407 Poets Way,07430,Mahwah,NJ,41.071151,-74.167037,Condominium,2015,285201.0,1980,N/A,N/A,1.0,3,04/28/2017,255000,12515,city,Mahwah
80 Truman Blvd,07436,Oakland,NJ,41.035408,-74.244016,SingleFamily,2015,365670.0,1960,17859,1548,2.0,4,04/27/2017,218000,19724,city,Oakland
1052 Abbott Blvd,07024,Fort Lee,NJ,40.833883,-73.981335,SingleFamily,2015,689715.0,1939,5001,5000,4.0,3,04/27/2017,840000,11491,city,Fort Lee
2008 Beatrice Ct,07430,Mahwah,NJ,41.101441,-74.142458,Townhouse,2015,96017.0,1960,N/A,960,1.0,2,04/27/2017,104000,12515,city,Mahwah
72 Andover Ter,07452,Glen Rock,NJ,40.954933,-74.105325,SingleFamily,2015,430445.0,2016,10498,4785,4.0,5,04/27/2017,1215000,38710,city,Glen Rock
138 Sicomac Ave,07432,Midland Park,NJ,40.989025,-74.150903,SingleFamily,2015,304329.0,1952,8712,1075,1.0,3,04/27/2017,355000,25884,city,Midland Park
196 W Clinton Ave,07670,Tenafly,NJ,40.924413,-73.974652,SingleFamily,2015,455859.0,1900,6852,2172,2.0,3,04/27/2017,625000,47961,city,Tenafly
658 Summit St,07632,Englewood Cliffs,NJ,40.890293,-73.94935,SingleFamily,2015,1293900.0,1959,13909,3168,4.0,3,04/27/2017,1137000,31443,city,Englewood Cliffs
48 Wayne Ave,07661,River Edge,NJ,40.922273,-74.035971,SingleFamily,2015,381878.0,1939,N/A,1798,1.0,3,04/27/2017,424900,43381,city,River Edge
1143 Cumbermeade Rd,07024,Fort Lee,NJ,40.836511,-73.980008,SingleFamily,2015,757662.0,1950,N/A,N/A,4.0,5,04/26/2017,945000,11491,city,Fort Lee
782 Birchwood Dr,07481,Wyckoff,NJ,40.982707,-74.185907,SingleFamily,2015,940700.0,2016,45302,5700,6.0,6,04/26/2017,2175000,29390,city,Wyckoff
67 Woodside Ave,07432,Midland Park,NJ,40.998003,-74.134461,SingleFamily,2015,572312.0,1950,16988,2337,3.0,4,04/26/2017,605000,25884,city,Midland Park
3307 Riverview Ave # 307,07631,Englewood,NJ,40.8799,-73.9882,Condominium,2015,353424.0,2010,N/A,N/A,2.5,2,04/26/2017,390000,11326,city,Englewood
68 Norwood Ave,07644,Lodi,NJ,40.867715,-74.089589,SingleFamily,2015,389433.0,1950,5001,2100,N/A,N/A,04/26/2017,318000,53018,city,Lodi
45 Central Ave,07644,Lodi,NJ,40.871138,-74.085719,MultiFamily2To4,2015,457818.0,N/A,N/A,N/A,4.0,3,04/26/2017,462000,53018,city,Lodi
10 Stony Ridge Dr,07642,Hillsdale,NJ,41.010909,-74.060049,SingleFamily,2015,590211.0,1951,22298,2244,3.0,4,04/26/2017,576000,5169,city,Hillsdale
446 Santiago Ct,07430,Mahwah,NJ,41.090267,-74.166893,Condominium,2015,443118.0,1990,N/A,N/A,3.0,2,04/26/2017,420000,12515,city,Mahwah
314 The Promenade,07020,Edgewater,NJ,40.806492,-73.987177,Condominium,2015,567404.0,2000,N/A,N/A,2.0,3,04/25/2017,672500,9859,city,Edgewater
16 Momar Dr,07621,Bergenfield,NJ,40.935622,-73.981732,SingleFamily,2015,582876.0,2005,5662,2383,4.0,4,04/25/2017,433000,44137,city,Bergenfield
39 Pangborn Pl,07601,Hackensack,NJ,40.893594,-74.041616,SingleFamily,2015,242770.0,1907,4900,1453,2.0,3,04/25/2017,280000,38835,city,Hackensack
269 Adriana St,07663,Saddle Brook,NJ,40.893598,-74.090927,SingleFamily,2015,296364.0,1947,5502,1854,N/A,1,04/25/2017,1000,6877,city,Saddle Brook
23 Fairview Ave,07452,Glen Rock,NJ,40.958082,-74.142618,SingleFamily,2015,490033.0,1920,11848,1715,2.0,3,04/27/2017,620000,38710,city,Glen Rock
132 Harrison Ave,07026,Garfield,NJ,40.870819,-74.100182,MultiFamily2To4,2015,272930.0,1910,8200,2800,3.0,7,04/24/2017,399900,42213,city,Garfield
639 7th St,07071,Lyndhurst,NJ,40.803224,-74.126817,SingleFamily,2015,249300.0,N/A,N/A,N/A,1.0,2,04/24/2017,311600,25687,city,Lyndhurst
583 Abbott Ave,07657,Ridgefield,NJ,40.834212,-74.004417,SingleFamily,2015,413995.0,N/A,N/A,N/A,3.0,3,04/24/2017,570000,22330,city,Ridgefield
256 Engle St,07670,Tenafly,NJ,40.925608,-73.957602,SingleFamily,2015,799803.0,2016,30952,5000,6.0,5,04/24/2017,1805000,47961,city,Tenafly
57 Birchwood Dr,07031,North Arlington,NJ,40.796827,-74.13711,SingleFamily,2015,274800.0,1941,4791,4987,1.0,3,04/24/2017,329000,19654,city,North Arlington
421 Columbia Ave,07010,Cliffside Park,NJ,40.828507,-73.989413,SingleFamily,2015,363177.0,1926,4508,1640,2.0,3,04/24/2017,312500,4131,city,Cliffside Park
49 E Grand Ave,07645,Montvale,NJ,41.041361,-74.021694,SingleFamily,2015,372396.0,1955,9500,1220,1.0,2,04/06/2017,360000,25968,city,Montvale
563 Overlook Pl,07631,Englewood,NJ,40.871028,-73.973018,SingleFamily,2015,449989.0,1948,9178,1324,3.0,3,04/24/2017,291375,11326,city,Englewood
285 Castle Dr,07632,Englewood Cliffs,NJ,40.87489,-73.961509,SingleFamily,2015,884800.0,1963,10454,2670,N/A,4,04/24/2017,750000,31443,city,Englewood Cliffs
187 Woodland Ave,07070,Rutherford,NJ,40.818322,-74.109447,SingleFamily,2015,419700.0,1918,6804,1551,N/A,N/A,04/24/2017,340000,26885,city,Rutherford
449 Stuyvesant Ave,07071,Lyndhurst,NJ,40.810239,-74.129546,SingleFamily,2016,288484.0,1925,4095,1338,3.0,4,04/24/2017,440000,25687,city,Lyndhurst
24 Cambridge Dr,07401,Allendale,NJ,41.022605,-74.132974,SingleFamily,2015,774839.0,1950,29620,3753,3.0,5,04/24/2017,860000,10081,city,Allendale
145 Stuart St,07652,Paramus,NJ,40.937581,-74.0592,SingleFamily,2015,580764.0,1950,N/A,2985,3.0,4,04/24/2017,614600,46984,city,Paramus
39 Hemlock Dr,07652,Paramus,NJ,40.937257,-74.067678,SingleFamily,2015,465154.0,1970,N/A,2307,3.0,3,04/24/2017,390000,46984,city,Paramus
283 Goffle Rd,07450,Ridgewood,NJ,40.980176,-74.14303,SingleFamily,2015,475362.0,1920,10018,N/A,3.0,4,04/24/2017,460000,20176,city,Ridgewood
31 Lindley Ave,07670,Tenafly,NJ,40.916667,-73.969573,SingleFamily,2015,475769.0,1900,5998,1910,3.0,4,04/24/2017,680000,47961,city,Tenafly
231 Main St,07010,Cliffside Park,NJ,40.813998,-73.993151,SingleFamily,2015,279975.0,1922,2613,1698,N/A,N/A,04/24/2017,262500,4131,city,Cliffside Park
240 Riverview Pl,07010,Cliffside Park,NJ,40.812509,-73.994408,MultiFamily2To4,2015,334704.0,1922,2901,1760,2.0,4,04/24/2017,305000,4131,city,Cliffside Park
291 Carlton Ter,07666,Teaneck,NJ,40.890706,-74.015314,SingleFamily,2015,365755.0,1927,5001,2622,2.0,3,04/24/2017,325000,47956,city,Teaneck
8 Lowell Ct # 708,07666,Teaneck,NJ,40.875805,-74.002905,Condominium,2015,345172.0,1983,2087,1910,N/A,N/A,04/24/2017,265000,47956,city,Teaneck
411 2nd St APT B,07650,Palisades Park,NJ,40.849264,-73.994573,SingleFamily,2015,485332.0,2007,5000,1956,N/A,N/A,01/06/2016,850000,19819,city,Palisades Park
101 Grove St,07436,Oakland,NJ,41.01211,-74.243363,SingleFamily,2015,395677.0,1954,19166,N/A,2.0,3,04/24/2017,318750,19724,city,Oakland
162 Clinton St,07607,Maywood,NJ,40.891764,-74.062911,SingleFamily,2015,286662.0,1955,5000,2800,2.0,4,04/24/2017,400000,22369,city,Maywood
106 Debaun Ave,07446,Ramsey,NJ,41.061551,-74.126645,SingleFamily,2015,476567.0,1900,14985,2407,3.0,4,04/24/2017,365000,6679,city,Ramsey
516 Fairway Rd,07450,Ridgewood,NJ,40.980973,-74.101645,SingleFamily,2015,658418.0,1946,6000,1900,4.0,4,04/24/2017,792000,20176,city,Ridgewood
631 Albin St,07666,Teaneck,NJ,40.880879,-74.012418,SingleFamily,2015,302895.0,1930,5001,1766,3.0,4,04/27/2017,387000,47956,city,Teaneck
89 Halstead Ave,07057,Wallington,NJ,40.856345,-74.113982,MultiFamily2To4,2015,327175.0,1900,3746,1702,4.0,8,04/24/2017,499000,50015,city,Wallington
193 Johnson Ave,07628,Dumont,NJ,40.942777,-73.999044,SingleFamily,2015,279621.0,1948,4791,1260,1.0,2,04/24/2017,274900,17827,city,Dumont
465 S Elm St,07607,Maywood,NJ,40.900953,-74.06091,SingleFamily,2015,309758.0,1940,N/A,N/A,2.0,3,04/24/2017,440000,22369,city,Maywood
140 W Englewood Ave APT 5B,07666,Teaneck,NJ,40.900212,-74.004753,MultiFamily2To4,N/A,N/A,N/A,N/A,N/A,1.0,2,N/A,N/A,47956,city,Teaneck
143 Broad Ave,07605,Leonia,NJ,40.855506,-73.991967,SingleFamily,2015,377494.0,N/A,N/A,N/A,2.0,2,04/21/2017,430500,12368,city,Leonia
767 Darlington Ave,07430,Mahwah,NJ,41.071753,-74.177948,SingleFamily,2015,441322.0,N/A,N/A,N/A,1.0,2,04/21/2017,280000,12515,city,Mahwah
745 Greeley Ave,07022,Fairview,NJ,40.824301,-74.007365,SingleFamily,2015,313644.0,1960,5610,2200,3.0,3,04/21/2017,485000,18065,city,Fairview
214 Fairfield Ave,07450,Ridgewood,NJ,40.983542,-74.105097,SingleFamily,2015,780960.0,1940,12196,3123,4.0,5,04/21/2017,1050000,20176,city,Ridgewood
184 Clayton Ter,07652,Paramus,NJ,40.936086,-74.055862,SingleFamily,2015,394051.0,1950,9344,1299,N/A,N/A,04/21/2017,1150000,46984,city,Paramus
1005 Carnation Dr,07646,New Milford,NJ,40.920842,-74.021703,SingleFamily,2015,278244.0,1950,N/A,1414,2.0,4,04/26/2017,362000,19592,city,New Milford
10 Grand St,07675,Westwood,NJ,40.995736,-74.03247,SingleFamily,2015,514749.0,N/A,7500,2231,3.5,4,04/21/2017,557501,27912,city,Westwood
208 Cambridge Ave,07026,Garfield,NJ,40.872352,-74.110711,MultiFamily2To4,2015,219054.0,1960,2178,2000,3.0,4,04/21/2017,345000,42213,city,Garfield
716 6th Ave,07661,River Edge,NJ,40.935902,-74.041648,SingleFamily,2015,506006.0,1950,11249,1807,2.0,3,04/21/2017,347239,43381,city,River Edge
664 Stewart St,07657,Ridgefield,NJ,40.83022,-73.995836,SingleFamily,2015,889751.0,N/A,N/A,N/A,5.0,4,04/21/2017,1125000,22330,city,Ridgefield
251 Post Ave,07071,Lyndhurst,NJ,40.811413,-74.129568,SingleFamily,2015,300500.0,1920,4574,1743,3.0,3,04/21/2017,490000,25687,city,Lyndhurst
58 Mackay Ave,07463,Waldwick,NJ,41.018804,-74.117646,SingleFamily,2015,565600.0,1951,6969,996,4.0,4,04/21/2017,649900,48302,city,Waldwick
49 Park Ave,07031,North Arlington,NJ,40.782295,-74.131692,SingleFamily,2015,274700.0,N/A,N/A,N/A,1.0,2,04/21/2017,291000,19654,city,North Arlington
29A W Harwood Ter # 1,07650,Palisades Park,NJ,40.845294,-74.001166,SingleFamily,2015,576531.0,2005,N/A,2048,N/A,N/A,04/21/2017,655000,19819,city,Palisades Park
78 Manhattan Ave,07463,Waldwick,NJ,41.012331,-74.113125,SingleFamily,2015,339000.0,1957,4791,5001,2.0,3,04/21/2017,375000,48302,city,Waldwick
66 Ramapo River Trce,07436,Oakland,NJ,41.039193,-74.241733,SingleFamily,2015,614219.0,2000,7405,2932,4.0,4,04/21/2017,619888,19724,city,Oakland
15 Woodvale Rd,07452,Glen Rock,NJ,40.952739,-74.108662,SingleFamily,2015,489394.0,1950,N/A,N/A,3.0,5,04/21/2017,581000,38710,city,Glen Rock
66 E Crescent Ave,07446,Ramsey,NJ,41.04953,-74.123186,SingleFamily,2015,116525.0,1900,N/A,200,3.5,4,04/21/2017,613000,43328,city,Upper Saddle River
1114 Boulevard,07646,New Milford,NJ,40.917594,-74.018298,SingleFamily,2015,363935.0,1950,8550,N/A,3.0,4,04/21/2017,325000,19592,city,New Milford
24 Valley Rd,07641,Haworth,NJ,40.955605,-73.986897,SingleFamily,2015,784903.0,2006,13372,2900,3.0,4,04/21/2017,815000,5098,city,Haworth
5 Kearney St,07071,Lyndhurst,NJ,40.821388,-74.122664,SingleFamily,2015,259700.0,1949,4138,1495,2.0,4,04/21/2017,230000,25687,city,Lyndhurst
451 Springfield Ave UNIT 110,07604,Hasbrouck Heights,NJ,40.853595,-74.075294,Condominium,N/A,N/A,N/A,N/A,2200,3.0,2,04/21/2017,430000,38911,city,Hasbrouck Heights
66 Sunset Ct,07430,Mahwah,NJ,41.080825,-74.165548,Condominium,2015,327559.0,1970,30927,1320,3.0,2,04/21/2017,405000,12515,city,Mahwah
322 Cambridge Dr,07446,Ramsey,NJ,41.072194,-74.121824,SingleFamily,2015,320852.0,1993,N/A,1074,N/A,N/A,04/21/2017,335000,6679,city,Ramsey
16 La Rosa Dr,07643,Little Ferry,NJ,40.849924,-74.04859,SingleFamily,2015,373204.0,1972,8276,2008,3.0,4,04/21/2017,419900,46267,city,Little Ferry
234 4th Ave,07675,Westwood,NJ,40.981551,-74.042119,SingleFamily,2015,430362.0,1949,12502,2826,3.0,4,04/21/2017,409000,27912,city,Westwood
442 Argyle St,07649,Oradell,NJ,40.94344,-74.027405,SingleFamily,2015,427291.0,1900,3920,2134,3.0,5,04/21/2017,380000,26308,city,Oradell
641 Lincoln Ave,07607,Maywood,NJ,40.908542,-74.064467,SingleFamily,2015,366559.0,1927,5000,1982,3.0,3,04/21/2017,510000,22369,city,Maywood
379 S Pleasant Ave,07450,Ridgewood,NJ,40.965428,-74.10225,SingleFamily,2015,401016.0,1950,6098,N/A,1.0,4,04/21/2017,440000,20176,city,Ridgewood
68 Liberty St,07644,Lodi,NJ,40.875274,-74.083334,MultiFamily2To4,2015,370154.0,1922,6299,1995,2.0,4,04/21/2017,329000,53018,city,Lodi
11 Grandview Ter,07670,Tenafly,NJ,40.927517,-73.956294,SingleFamily,2015,762827.0,1956,9701,2035,N/A,N/A,04/21/2017,1500000,47961,city,Tenafly
702 Bergen Blvd,07657,Ridgefield,NJ,40.831604,-73.991868,MultiFamily2To4,2015,744516.0,2006,5001,2984,5.0,6,04/27/2017,625000,22330,city,Ridgefield
55 Park Ave,07642,Hillsdale,NJ,41.003284,-74.03984,SingleFamily,2015,328001.0,1900,N/A,N/A,1.0,3,04/21/2017,355000,5169,city,Hillsdale
14 Linden Ter,07605,Leonia,NJ,40.860821,-73.983414,SingleFamily,2015,412329.0,N/A,N/A,N/A,2.0,3,04/21/2017,505000,12368,city,Leonia
279 Grand Ave,07605,Leonia,NJ,40.862063,-73.993891,SingleFamily,2015,353319.0,1960,5650,1331,N/A,0,04/21/2017,440000,12368,city,Leonia
51 Myrtle Ave,07020,Edgewater,NJ,40.836912,-73.971511,Condominium,2015,461100.0,2017,5001,3000,5.0,3,04/21/2017,1180000,9859,city,Edgewater
14 Large Ave,07642,Hillsdale,NJ,41.006014,-74.031615,SingleFamily,2015,502172.0,1961,17621,1510,3.0,3,04/21/2017,481777,5169,city,Hillsdale
114 Colony Ave,07656,Park Ridge,NJ,41.043298,-74.047083,MultiFamily2To4,2015,403351.0,N/A,N/A,N/A,2.0,4,04/21/2017,377000,53809,city,Park Ridge
39 Gunther Ave,07644,Lodi,NJ,40.892379,-74.07752,SingleFamily,2015,293992.0,1953,5049,1413,2.0,4,04/21/2017,315000,53018,city,Lodi
645 Summit Ave,07601,Hackensack,NJ,40.905508,-74.051581,SingleFamily,2015,739632.0,1900,N/A,N/A,5.0,4,04/21/2017,485000,38835,city,Hackensack
16 Florence Rd,07640,Harrington Park,NJ,40.982636,-73.984215,SingleFamily,2015,530840.0,1950,N/A,N/A,3.0,4,04/21/2017,725000,25045,city,Harrington Park
224 Macarthur Ave,07026,Garfield,NJ,40.874845,-74.097913,MultiFamily2To4,2015,222808.0,1940,N/A,N/A,2.0,3,04/25/2017,223000,42213,city,Garfield
130 E Edsall Ave,07650,Palisades Park,NJ,40.841784,-73.997114,SingleFamily,2015,378720.0,1940,3598,1119,2.0,3,04/21/2017,343000,19819,city,Palisades Park
92 Spring Valley Rd,07652,Paramus,NJ,40.923914,-74.058299,SingleFamily,2015,1085541.0,1989,63510,8000,6.0,6,04/21/2017,1120000,46984,city,Paramus
293 Herman St,07601,Hackensack,NJ,40.910453,-74.041418,SingleFamily,2015,378838.0,1936,14664,1782,N/A,N/A,09/22/2016,290000,38835,city,Hackensack
210 Elm Ave,07601,Hackensack,NJ,40.906232,-74.048921,SingleFamily,2015,356535.0,1900,4791,N/A,2.0,3,N/A,N/A,38835,city,Hackensack
139 Bonhomme St,07601,Hackensack,NJ,40.873089,-74.043924,MultiFamily2To4,2015,351490.0,1900,4800,1854,2.0,4,11/21/2016,360000,38835,city,Hackensack
83 S Prospect Ave,07601,Hackensack,NJ,40.881137,-74.060998,SingleFamily,2015,263955.0,1900,N/A,N/A,2.0,3,03/28/2017,315000,38835,city,Hackensack
443 Maple Hill Dr,07601,Hackensack,NJ,40.897751,-74.056495,SingleFamily,2015,278188.0,1953,7749,1344,1.0,3,01/18/2017,350000,38835,city,Hackensack
314A 3rd St # 314A,07601,Hackensack,NJ,40.891673,-74.051413,SingleFamily,2015,366846.0,2006,4064,1915,N/A,N/A,03/18/2008,440000,38835,city,Hackensack
110 Clinton Pl,07601,Hackensack,NJ,40.896474,-74.043441,SingleFamily,2015,304192.0,1916,9147,1811,4.0,4,04/05/2017,430000,38835,city,Hackensack
140 Euclid Ave,07601,Hackensack,NJ,40.898196,-74.044566,SingleFamily,2015,558507.0,1986,255366,N/A,N/A,N/A,04/05/2017,246000,38835,city,Hackensack
326 Parker Ave,07601,Hackensack,NJ,40.881824,-74.05839,MultiFamily2To4,2015,375365.0,N/A,N/A,N/A,2.0,5,02/06/2017,359000,38835,city,Hackensack
259 1st St,07601,Hackensack,NJ,40.88937,-74.049951,MultiFamily2To4,2015,316857.0,1926,5101,2164,3.0,3,01/31/2017,260000,38835,city,Hackensack
273 Jackson Ave,07601,Hackensack,NJ,40.869513,-74.04275,MultiFamily2To4,2015,369424.0,1936,5171,2330,4.0,5,02/17/2017,386000,38835,city,Hackensack
160 Overlook Ave APT 6A,07601,Hackensack,NJ,40.888007,-74.054469,Condominium,2015,271912.0,1986,344,N/A,2.0,2,01/17/2008,333000,38835,city,Hackensack
72 Pine St,07601,Hackensack,NJ,40.902444,-74.044167,SingleFamily,2015,278189.0,1936,5001,1400,2.5,3,03/30/2017,373500,38835,city,Hackensack
285 Louis St,07601,Hackensack,NJ,40.910852,-74.042649,SingleFamily,2015,312038.0,1931,5000,1664,1.0,4,01/09/2017,330000,38835,city,Hackensack
205 Ross Ave,07601,Hackensack,NJ,40.900804,-74.047441,SingleFamily,2015,314167.0,1940,5001,1486,1.0,3,09/07/2016,339000,38835,city,Hackensack
63 Krone Pl,07601,Hackensack,NJ,40.903629,-74.046779,SingleFamily,2015,242434.0,1936,5001,1272,N/A,N/A,01/27/2017,237900,38835,city,Hackensack
146 Summit Ave,07601,Hackensack,NJ,40.888743,-74.056853,SingleFamily,2015,640103.0,1900,N/A,N/A,5.0,5,01/27/2017,590000,38835,city,Hackensack
378 Kaplan Ave,07601,Hackensack,NJ,40.883455,-74.059618,SingleFamily,2015,287492.0,1940,5001,1497,3.0,2,01/11/2017,280000,38835,city,Hackensack
493 W Anderson St,07601,Hackensack,NJ,40.901397,-74.056319,SingleFamily,2015,238287.0,1930,7405,786,1.5,2,11/30/2016,289000,38835,city,Hackensack
433 Thompson St,07601,Hackensack,NJ,40.885554,-74.060929,MultiFamily2To4,2015,286146.0,1950,7,2848,3.0,4,02/13/2017,197000,38835,city,Hackensack
134 Ricardo Pl,07601,Hackensack,NJ,40.884543,-74.047872,SingleFamily,2015,197490.0,1936,2674,891,N/A,N/A,01/17/2017,250000,38835,city,Hackensack
1 Frederick Ct,07656,Park Ridge,NJ,41.033768,-74.043236,SingleFamily,2015,761075.0,2002,11325,3600,3.0,5,04/13/2017,716000,53809,city,Park Ridge
2084 Jones Rd,07024,Fort Lee,NJ,40.85955,-73.977516,SingleFamily,2016,505427.0,1940,N/A,N/A,2.0,4,04/14/2017,410000,11491,city,Fort Lee
111 Upper Saddle River Rd,07645,Montvale,NJ,41.065915,-74.065012,SingleFamily,2015,691844.0,1960,N/A,N/A,3.0,4,04/19/2017,855000,25968,city,Montvale
205 Union Ave,07075,Wood Ridge,NJ,40.850826,-74.096623,SingleFamily,2015,329117.0,1960,5000,1600,2.0,3,04/19/2017,415000,48563,city,Wood Ridge
355 Bradley Ave,07647,Northvale,NJ,41.013298,-73.949707,SingleFamily,2015,384355.0,1950,N/A,N/A,2.0,4,04/19/2017,475000,33185,city,Northvale
144 Ridge Ave,07656,Park Ridge,NJ,41.040894,-74.052779,SingleFamily,2015,453824.0,1900,25110,2115,3.0,5,04/19/2017,426000,53809,city,Park Ridge
9 Judith Pl,07621,Bergenfield,NJ,40.91733,-74.00434,SingleFamily,2015,280354.0,1968,5301,1355,2.0,3,04/19/2017,285000,44137,city,Bergenfield
21 W Pierrepont Ave,07070,Rutherford,NJ,40.823896,-74.115095,SingleFamily,2015,441400.0,1927,5663,1918,3.0,4,04/19/2017,638900,26885,city,Rutherford
302 Werimus Rd,07677,Woodcliff Lake,NJ,41.032841,-74.065552,SingleFamily,2015,1453463.0,2000,65340,5404,6.0,5,04/19/2017,1500000,21367,city,Woodcliff Lake
88 Woodland Park Dr,07670,Tenafly,NJ,40.911826,-73.95649,SingleFamily,2015,1027458.0,N/A,N/A,2688,3.5,4,04/19/2017,1245000,47961,city,Tenafly
77 W Edsall Ave,07650,Palisades Park,NJ,40.845879,-74.003297,SingleFamily,2015,403592.0,1953,5001,1361,2.0,3,04/19/2017,725000,19819,city,Palisades Park
13 Denison Dr E,07458,Saddle River,NJ,41.029315,-74.075845,SingleFamily,2015,2260042.0,1962,101930,4600,6.0,5,04/19/2017,1720000,9501,city,Saddle River
32 E Ruby Ave,07650,Palisades Park,NJ,40.842575,-74.000106,SingleFamily,2015,504571.0,1945,6700,1984,N/A,N/A,04/19/2017,790000,19819,city,Palisades Park
3913 Melville Ct,07430,Mahwah,NJ,41.069084,-74.162216,SingleFamily,2015,291645.0,N/A,N/A,N/A,1.0,2,04/19/2017,300000,12515,city,Mahwah
9 Shelby St,07628,Dumont,NJ,40.937181,-73.983074,SingleFamily,2015,324214.0,N/A,N/A,N/A,2.0,3,04/19/2017,474000,17827,city,Dumont
1507 Hudson Park,07020,Edgewater,NJ,40.718494,-74.034373,SingleFamily,2015,442208.0,2007,N/A,746,N/A,N/A,04/17/2017,500000,275730,neighborhood,The Waterfront
28B Cleveland Pl # 2,07650,Palisades Park,NJ,40.847747,-73.998444,Condominium,2015,609375.0,2010,N/A,3300,4.0,4,04/19/2010,667000,19819,city,Palisades Park
270 Greenridge Rd,07417,Franklin Lakes,NJ,41.029743,-74.190246,SingleFamily,2015,758133.0,1959,43560,2500,4.0,3,04/19/2017,600000,11527,city,Franklin Lakes
811 Golf Pl,07649,Oradell,NJ,40.969167,-74.03175,SingleFamily,2015,850499.0,1968,21117,3915,4.0,5,04/19/2017,799000,26308,city,Oradell
29 N Lyle Ave,07670,Tenafly,NJ,40.92551,-73.979552,SingleFamily,2015,577071.0,1933,7018,2082,3.0,4,04/19/2017,590000,47961,city,Tenafly
7 Eldorado Ct,07662,Rochelle Park,NJ,40.910065,-74.078708,SingleFamily,2015,307600.0,1955,5218,1362,2.0,3,04/19/2017,294000,20206,city,Rochelle Park
133 Circle Ave,07450,Ridgewood,NJ,40.973509,-74.102647,SingleFamily,2015,608169.0,N/A,N/A,N/A,3.0,4,04/19/2017,750000,20176,city,Ridgewood
44 Cedar Ave,07607,Maywood,NJ,40.912538,-74.05536,SingleFamily,2015,326335.0,1940,6200,1371,2.0,3,04/19/2017,340000,22369,city,Maywood
119 Eagle Ave,07646,New Milford,NJ,40.948989,-74.017033,SingleFamily,2015,758546.0,2012,8002,2868,5.0,4,04/19/2017,650000,19592,city,New Milford
168 Kemah Rd,07450,Ridgewood,NJ,40.9911,-74.123262,SingleFamily,2015,722066.0,1900,8712,8494,4.0,4,04/19/2017,855000,20176,city,Ridgewood
402 Briarwood Ln,07647,Northvale,NJ,41.012737,-73.955645,SingleFamily,2015,555943.0,1960,N/A,N/A,4.0,3,04/19/2017,585000,33185,city,Northvale
501 Weymouth Dr,07481,Wyckoff,NJ,41.004412,-74.186409,SingleFamily,2015,1791000.0,1990,N/A,N/A,6.0,5,04/19/2017,1475000,29390,city,Wyckoff
330 Cedar Hill Ave,07481,Wyckoff,NJ,40.995487,-74.157112,SingleFamily,2015,595500.0,1957,26001,1938,3.0,4,04/19/2017,575000,29390,city,Wyckoff
